dedupe_key,symbol,strategy_family,strategy_label,parameter_hash,run_count_before_dedupe,kept_run_id,dropped_run_ids,has_conflict_duplicates
AMD::macd_crossover::macd-10-30-9::ecb8de5567887d0d5655ffc7418ad0e8a9b715ae,AMD,macd_crossover,macd-10-30-9,ecb8de5567887d0d5655ffc7418ad0e8a9b715ae,2,AMD-macd-10-30-9-20260412T075438-macd-10-30-9,['AMD-macd-10-30-9-20260412T074855-macd-10-30-9'],False
AMD::macd_crossover::macd-5-35-5::5cf7374800361e5fe1dd036e0afe65c9da0c4690,AMD,macd_crossover,macd-5-35-5,5cf7374800361e5fe1dd036e0afe65c9da0c4690,2,AMD-macd-5-35-5-20260412T075438-macd-5-35-5,['AMD-macd-5-35-5-20260412T074855-macd-5-35-5'],False
AMD::macd_crossover::macd-8-21-5::533530cf71e232d34ce704c3153f276e2cb4f8ec,AMD,macd_crossover,macd-8-21-5,533530cf71e232d34ce704c3153f276e2cb4f8ec,2,AMD-macd-8-21-5-20260412T075438-macd-8-21-5,['AMD-macd-8-21-5-20260412T074855-macd-8-21-5'],False
AMD::macd_crossover::macd-baseline::cc7f7d1c3dad2ebaf928756250404dc3b06d7200,AMD,macd_crossover,macd-baseline,cc7f7d1c3dad2ebaf928756250404dc3b06d7200,2,AMD-macd-baseline-20260412T075437-macd-baseline,['AMD-macd-baseline-20260412T074854-macd-baseline'],False
AMD::moving_average_crossover::ma-10-30::35be04e412c34f2580005e7e234e9d7b041634a8,AMD,moving_average_crossover,ma-10-30,35be04e412c34f2580005e7e234e9d7b041634a8,2,AMD-ma-10-30-20260412T075436-ma-10-30,['AMD-ma-10-30-20260412T074853-ma-10-30'],False
AMD::moving_average_crossover::ma-3-15::69374c13bf7522591efb43b570e65bdd31da3add,AMD,moving_average_crossover,ma-3-15,69374c13bf7522591efb43b570e65bdd31da3add,2,AMD-ma-3-15-20260412T075435-ma-3-15,['AMD-ma-3-15-20260412T074852-ma-3-15'],False
AMD::moving_average_crossover::ma-8-21::68876fc46f1bc740ab36d47876747c7ba2407011,AMD,moving_average_crossover,ma-8-21,68876fc46f1bc740ab36d47876747c7ba2407011,2,AMD-ma-8-21-20260412T075435-ma-8-21,['AMD-ma-8-21-20260412T074852-ma-8-21'],False
AMD::moving_average_crossover::ma-baseline::33bc22daf5108f93b692b8c7f7d6c24e9b9ee9e6,AMD,moving_average_crossover,ma-baseline,33bc22daf5108f93b692b8c7f7d6c24e9b9ee9e6,2,AMD-ma-baseline-20260412T075434-ma-baseline,['AMD-ma-baseline-20260412T074852-ma-baseline'],False
AMD::rsi_threshold::rsi-14-35-65::85f9b6d3e41d73d152f44383b094863ca64d0c83,AMD,rsi_threshold,rsi-14-35-65,85f9b6d3e41d73d152f44383b094863ca64d0c83,2,AMD-rsi-14-35-65-20260412T075437-rsi-14-35-65,['AMD-rsi-14-35-65-20260412T074854-rsi-14-35-65'],False
AMD::rsi_threshold::rsi-21-30-70::4dbe4870cef1a5db9953fc5af2742bde5104a63c,AMD,rsi_threshold,rsi-21-30-70,4dbe4870cef1a5db9953fc5af2742bde5104a63c,2,AMD-rsi-21-30-70-20260412T075437-rsi-21-30-70,['AMD-rsi-21-30-70-20260412T074854-rsi-21-30-70'],False
AMD::rsi_threshold::rsi-6-25-75::314f044a3bf4b4a0fc0db67d15c755c2afdbef55,AMD,rsi_threshold,rsi-6-25-75,314f044a3bf4b4a0fc0db67d15c755c2afdbef55,2,AMD-rsi-6-25-75-20260412T075436-rsi-6-25-75,['AMD-rsi-6-25-75-20260412T074853-rsi-6-25-75'],False
AMD::rsi_threshold::rsi-baseline::f7c06f158ab2eb36975772ca7503b4e1d278befd,AMD,rsi_threshold,rsi-baseline,f7c06f158ab2eb36975772ca7503b4e1d278befd,2,AMD-rsi-baseline-20260412T075436-rsi-baseline,['AMD-rsi-baseline-20260412T074853-rsi-baseline'],False
APLD::macd_crossover::macd-10-30-9::ecb8de5567887d0d5655ffc7418ad0e8a9b715ae,APLD,macd_crossover,macd-10-30-9,ecb8de5567887d0d5655ffc7418ad0e8a9b715ae,2,APLD-macd-10-30-9-20260412T075437-macd-10-30-9,['APLD-macd-10-30-9-20260412T074854-macd-10-30-9'],False
APLD::macd_crossover::macd-5-35-5::5cf7374800361e5fe1dd036e0afe65c9da0c4690,APLD,macd_crossover,macd-5-35-5,5cf7374800361e5fe1dd036e0afe65c9da0c4690,2,APLD-macd-5-35-5-20260412T075437-macd-5-35-5,['APLD-macd-5-35-5-20260412T074854-macd-5-35-5'],False
APLD::macd_crossover::macd-8-21-5::533530cf71e232d34ce704c3153f276e2cb4f8ec,APLD,macd_crossover,macd-8-21-5,533530cf71e232d34ce704c3153f276e2cb4f8ec,2,APLD-macd-8-21-5-20260412T075436-macd-8-21-5,['APLD-macd-8-21-5-20260412T074854-macd-8-21-5'],False
APLD::macd_crossover::macd-baseline::cc7f7d1c3dad2ebaf928756250404dc3b06d7200,APLD,macd_crossover,macd-baseline,cc7f7d1c3dad2ebaf928756250404dc3b06d7200,2,APLD-macd-baseline-20260412T075436-macd-baseline,['APLD-macd-baseline-20260412T074853-macd-baseline'],False
APLD::moving_average_crossover::ma-10-30::35be04e412c34f2580005e7e234e9d7b041634a8,APLD,moving_average_crossover,ma-10-30,35be04e412c34f2580005e7e234e9d7b041634a8,2,APLD-ma-10-30-20260412T075435-ma-10-30,['APLD-ma-10-30-20260412T074852-ma-10-30'],False
APLD::moving_average_crossover::ma-3-15::69374c13bf7522591efb43b570e65bdd31da3add,APLD,moving_average_crossover,ma-3-15,69374c13bf7522591efb43b570e65bdd31da3add,2,APLD-ma-3-15-20260412T075435-ma-3-15,['APLD-ma-3-15-20260412T074852-ma-3-15'],False
APLD::moving_average_crossover::ma-8-21::68876fc46f1bc740ab36d47876747c7ba2407011,APLD,moving_average_crossover,ma-8-21,68876fc46f1bc740ab36d47876747c7ba2407011,2,APLD-ma-8-21-20260412T075435-ma-8-21,['APLD-ma-8-21-20260412T074852-ma-8-21'],False
APLD::moving_average_crossover::ma-baseline::33bc22daf5108f93b692b8c7f7d6c24e9b9ee9e6,APLD,moving_average_crossover,ma-baseline,33bc22daf5108f93b692b8c7f7d6c24e9b9ee9e6,2,APLD-ma-baseline-20260412T075434-ma-baseline,['APLD-ma-baseline-20260412T074852-ma-baseline'],False
APLD::rsi_threshold::rsi-14-35-65::85f9b6d3e41d73d152f44383b094863ca64d0c83,APLD,rsi_threshold,rsi-14-35-65,85f9b6d3e41d73d152f44383b094863ca64d0c83,2,APLD-rsi-14-35-65-20260412T075436-rsi-14-35-65,['APLD-rsi-14-35-65-20260412T074853-rsi-14-35-65'],False
APLD::rsi_threshold::rsi-21-30-70::4dbe4870cef1a5db9953fc5af2742bde5104a63c,APLD,rsi_threshold,rsi-21-30-70,4dbe4870cef1a5db9953fc5af2742bde5104a63c,2,APLD-rsi-21-30-70-20260412T075436-rsi-21-30-70,['APLD-rsi-21-30-70-20260412T074853-rsi-21-30-70'],False
APLD::rsi_threshold::rsi-6-25-75::314f044a3bf4b4a0fc0db67d15c755c2afdbef55,APLD,rsi_threshold,rsi-6-25-75,314f044a3bf4b4a0fc0db67d15c755c2afdbef55,2,APLD-rsi-6-25-75-20260412T075436-rsi-6-25-75,['APLD-rsi-6-25-75-20260412T074853-rsi-6-25-75'],False
APLD::rsi_threshold::rsi-baseline::f7c06f158ab2eb36975772ca7503b4e1d278befd,APLD,rsi_threshold,rsi-baseline,f7c06f158ab2eb36975772ca7503b4e1d278befd,2,APLD-rsi-baseline-20260412T075435-rsi-baseline,['APLD-rsi-baseline-20260412T074853-rsi-baseline'],False
APP::macd_crossover::macd-10-30-9::ecb8de5567887d0d5655ffc7418ad0e8a9b715ae,APP,macd_crossover,macd-10-30-9,ecb8de5567887d0d5655ffc7418ad0e8a9b715ae,2,APP-macd-10-30-9-20260412T075437-macd-10-30-9,['APP-macd-10-30-9-20260412T074854-macd-10-30-9'],False
APP::macd_crossover::macd-5-35-5::5cf7374800361e5fe1dd036e0afe65c9da0c4690,APP,macd_crossover,macd-5-35-5,5cf7374800361e5fe1dd036e0afe65c9da0c4690,2,APP-macd-5-35-5-20260412T075437-macd-5-35-5,['APP-macd-5-35-5-20260412T074854-macd-5-35-5'],False
APP::macd_crossover::macd-8-21-5::533530cf71e232d34ce704c3153f276e2cb4f8ec,APP,macd_crossover,macd-8-21-5,533530cf71e232d34ce704c3153f276e2cb4f8ec,2,APP-macd-8-21-5-20260412T075437-macd-8-21-5,['APP-macd-8-21-5-20260412T074854-macd-8-21-5'],False
APP::macd_crossover::macd-baseline::cc7f7d1c3dad2ebaf928756250404dc3b06d7200,APP,macd_crossover,macd-baseline,cc7f7d1c3dad2ebaf928756250404dc3b06d7200,2,APP-macd-baseline-20260412T075436-macd-baseline,['APP-macd-baseline-20260412T074853-macd-baseline'],False
APP::moving_average_crossover::ma-10-30::35be04e412c34f2580005e7e234e9d7b041634a8,APP,moving_average_crossover,ma-10-30,35be04e412c34f2580005e7e234e9d7b041634a8,2,APP-ma-10-30-20260412T075435-ma-10-30,['APP-ma-10-30-20260412T074852-ma-10-30'],False
APP::moving_average_crossover::ma-3-15::69374c13bf7522591efb43b570e65bdd31da3add,APP,moving_average_crossover,ma-3-15,69374c13bf7522591efb43b570e65bdd31da3add,2,APP-ma-3-15-20260412T075435-ma-3-15,['APP-ma-3-15-20260412T074852-ma-3-15'],False
APP::moving_average_crossover::ma-8-21::68876fc46f1bc740ab36d47876747c7ba2407011,APP,moving_average_crossover,ma-8-21,68876fc46f1bc740ab36d47876747c7ba2407011,2,APP-ma-8-21-20260412T075435-ma-8-21,['APP-ma-8-21-20260412T074852-ma-8-21'],False
APP::moving_average_crossover::ma-baseline::33bc22daf5108f93b692b8c7f7d6c24e9b9ee9e6,APP,moving_average_crossover,ma-baseline,33bc22daf5108f93b692b8c7f7d6c24e9b9ee9e6,2,APP-ma-baseline-20260412T075434-ma-baseline,['APP-ma-baseline-20260412T074852-ma-baseline'],False
APP::rsi_threshold::rsi-14-35-65::85f9b6d3e41d73d152f44383b094863ca64d0c83,APP,rsi_threshold,rsi-14-35-65,85f9b6d3e41d73d152f44383b094863ca64d0c83,2,APP-rsi-14-35-65-20260412T075436-rsi-14-35-65,['APP-rsi-14-35-65-20260412T074853-rsi-14-35-65'],False
APP::rsi_threshold::rsi-21-30-70::4dbe4870cef1a5db9953fc5af2742bde5104a63c,APP,rsi_threshold,rsi-21-30-70,4dbe4870cef1a5db9953fc5af2742bde5104a63c,2,APP-rsi-21-30-70-20260412T075436-rsi-21-30-70,['APP-rsi-21-30-70-20260412T074853-rsi-21-30-70'],False
APP::rsi_threshold::rsi-6-25-75::314f044a3bf4b4a0fc0db67d15c755c2afdbef55,APP,rsi_threshold,rsi-6-25-75,314f044a3bf4b4a0fc0db67d15c755c2afdbef55,2,APP-rsi-6-25-75-20260412T075436-rsi-6-25-75,['APP-rsi-6-25-75-20260412T074853-rsi-6-25-75'],False
APP::rsi_threshold::rsi-baseline::f7c06f158ab2eb36975772ca7503b4e1d278befd,APP,rsi_threshold,rsi-baseline,f7c06f158ab2eb36975772ca7503b4e1d278befd,2,APP-rsi-baseline-20260412T075435-rsi-baseline,['APP-rsi-baseline-20260412T074853-rsi-baseline'],False
AVAV::macd_crossover::macd-10-30-9::ecb8de5567887d0d5655ffc7418ad0e8a9b715ae,AVAV,macd_crossover,macd-10-30-9,ecb8de5567887d0d5655ffc7418ad0e8a9b715ae,2,AVAV-macd-10-30-9-20260412T075438-macd-10-30-9,['AVAV-macd-10-30-9-20260412T074855-macd-10-30-9'],False
AVAV::macd_crossover::macd-5-35-5::5cf7374800361e5fe1dd036e0afe65c9da0c4690,AVAV,macd_crossover,macd-5-35-5,5cf7374800361e5fe1dd036e0afe65c9da0c4690,2,AVAV-macd-5-35-5-20260412T075438-macd-5-35-5,['AVAV-macd-5-35-5-20260412T074855-macd-5-35-5'],False
AVAV::macd_crossover::macd-8-21-5::533530cf71e232d34ce704c3153f276e2cb4f8ec,AVAV,macd_crossover,macd-8-21-5,533530cf71e232d34ce704c3153f276e2cb4f8ec,2,AVAV-macd-8-21-5-20260412T075438-macd-8-21-5,['AVAV-macd-8-21-5-20260412T074855-macd-8-21-5'],False
AVAV::macd_crossover::macd-baseline::cc7f7d1c3dad2ebaf928756250404dc3b06d7200,AVAV,macd_crossover,macd-baseline,cc7f7d1c3dad2ebaf928756250404dc3b06d7200,2,AVAV-macd-baseline-20260412T075437-macd-baseline,['AVAV-macd-baseline-20260412T074854-macd-baseline'],False
AVAV::moving_average_crossover::ma-10-30::35be04e412c34f2580005e7e234e9d7b041634a8,AVAV,moving_average_crossover,ma-10-30,35be04e412c34f2580005e7e234e9d7b041634a8,2,AVAV-ma-10-30-20260412T075436-ma-10-30,['AVAV-ma-10-30-20260412T074853-ma-10-30'],False
AVAV::moving_average_crossover::ma-3-15::69374c13bf7522591efb43b570e65bdd31da3add,AVAV,moving_average_crossover,ma-3-15,69374c13bf7522591efb43b570e65bdd31da3add,2,AVAV-ma-3-15-20260412T075435-ma-3-15,['AVAV-ma-3-15-20260412T074852-ma-3-15'],False
AVAV::moving_average_crossover::ma-8-21::68876fc46f1bc740ab36d47876747c7ba2407011,AVAV,moving_average_crossover,ma-8-21,68876fc46f1bc740ab36d47876747c7ba2407011,2,AVAV-ma-8-21-20260412T075435-ma-8-21,['AVAV-ma-8-21-20260412T074852-ma-8-21'],False
AVAV::moving_average_crossover::ma-baseline::33bc22daf5108f93b692b8c7f7d6c24e9b9ee9e6,AVAV,moving_average_crossover,ma-baseline,33bc22daf5108f93b692b8c7f7d6c24e9b9ee9e6,2,AVAV-ma-baseline-20260412T075434-ma-baseline,['AVAV-ma-baseline-20260412T074852-ma-baseline'],False
AVAV::rsi_threshold::rsi-14-35-65::85f9b6d3e41d73d152f44383b094863ca64d0c83,AVAV,rsi_threshold,rsi-14-35-65,85f9b6d3e41d73d152f44383b094863ca64d0c83,2,AVAV-rsi-14-35-65-20260412T075437-rsi-14-35-65,['AVAV-rsi-14-35-65-20260412T074854-rsi-14-35-65'],False
AVAV::rsi_threshold::rsi-21-30-70::4dbe4870cef1a5db9953fc5af2742bde5104a63c,AVAV,rsi_threshold,rsi-21-30-70,4dbe4870cef1a5db9953fc5af2742bde5104a63c,2,AVAV-rsi-21-30-70-20260412T075437-rsi-21-30-70,['AVAV-rsi-21-30-70-20260412T074854-rsi-21-30-70'],False
AVAV::rsi_threshold::rsi-6-25-75::314f044a3bf4b4a0fc0db67d15c755c2afdbef55,AVAV,rsi_threshold,rsi-6-25-75,314f044a3bf4b4a0fc0db67d15c755c2afdbef55,2,AVAV-rsi-6-25-75-20260412T075436-rsi-6-25-75,['AVAV-rsi-6-25-75-20260412T074853-rsi-6-25-75'],False
AVAV::rsi_threshold::rsi-baseline::f7c06f158ab2eb36975772ca7503b4e1d278befd,AVAV,rsi_threshold,rsi-baseline,f7c06f158ab2eb36975772ca7503b4e1d278befd,2,AVAV-rsi-baseline-20260412T075436-rsi-baseline,['AVAV-rsi-baseline-20260412T074853-rsi-baseline'],False
BMNR::macd_crossover::macd-10-30-9::ecb8de5567887d0d5655ffc7418ad0e8a9b715ae,BMNR,macd_crossover,macd-10-30-9,ecb8de5567887d0d5655ffc7418ad0e8a9b715ae,2,BMNR-macd-10-30-9-20260412T075438-macd-10-30-9,['BMNR-macd-10-30-9-20260412T074855-macd-10-30-9'],False
BMNR::macd_crossover::macd-5-35-5::5cf7374800361e5fe1dd036e0afe65c9da0c4690,BMNR,macd_crossover,macd-5-35-5,5cf7374800361e5fe1dd036e0afe65c9da0c4690,2,BMNR-macd-5-35-5-20260412T075438-macd-5-35-5,['BMNR-macd-5-35-5-20260412T074855-macd-5-35-5'],False
BMNR::macd_crossover::macd-8-21-5::533530cf71e232d34ce704c3153f276e2cb4f8ec,BMNR,macd_crossover,macd-8-21-5,533530cf71e232d34ce704c3153f276e2cb4f8ec,2,BMNR-macd-8-21-5-20260412T075438-macd-8-21-5,['BMNR-macd-8-21-5-20260412T074855-macd-8-21-5'],False
BMNR::macd_crossover::macd-baseline::cc7f7d1c3dad2ebaf928756250404dc3b06d7200,BMNR,macd_crossover,macd-baseline,cc7f7d1c3dad2ebaf928756250404dc3b06d7200,2,BMNR-macd-baseline-20260412T075438-macd-baseline,['BMNR-macd-baseline-20260412T074855-macd-baseline'],False
BMNR::moving_average_crossover::ma-10-30::35be04e412c34f2580005e7e234e9d7b041634a8,BMNR,moving_average_crossover,ma-10-30,35be04e412c34f2580005e7e234e9d7b041634a8,2,BMNR-ma-10-30-20260412T075437-ma-10-30,['BMNR-ma-10-30-20260412T074855-ma-10-30'],False
BMNR::moving_average_crossover::ma-3-15::69374c13bf7522591efb43b570e65bdd31da3add,BMNR,moving_average_crossover,ma-3-15,69374c13bf7522591efb43b570e65bdd31da3add,2,BMNR-ma-3-15-20260412T075437-ma-3-15,['BMNR-ma-3-15-20260412T074854-ma-3-15'],False
BMNR::moving_average_crossover::ma-8-21::68876fc46f1bc740ab36d47876747c7ba2407011,BMNR,moving_average_crossover,ma-8-21,68876fc46f1bc740ab36d47876747c7ba2407011,2,BMNR-ma-8-21-20260412T075437-ma-8-21,['BMNR-ma-8-21-20260412T074854-ma-8-21'],False
BMNR::moving_average_crossover::ma-baseline::33bc22daf5108f93b692b8c7f7d6c24e9b9ee9e6,BMNR,moving_average_crossover,ma-baseline,33bc22daf5108f93b692b8c7f7d6c24e9b9ee9e6,2,BMNR-ma-baseline-20260412T075437-ma-baseline,['BMNR-ma-baseline-20260412T074854-ma-baseline'],False
BMNR::rsi_threshold::rsi-14-35-65::85f9b6d3e41d73d152f44383b094863ca64d0c83,BMNR,rsi_threshold,rsi-14-35-65,85f9b6d3e41d73d152f44383b094863ca64d0c83,2,BMNR-rsi-14-35-65-20260412T075438-rsi-14-35-65,['BMNR-rsi-14-35-65-20260412T074855-rsi-14-35-65'],False
BMNR::rsi_threshold::rsi-21-30-70::4dbe4870cef1a5db9953fc5af2742bde5104a63c,BMNR,rsi_threshold,rsi-21-30-70,4dbe4870cef1a5db9953fc5af2742bde5104a63c,2,BMNR-rsi-21-30-70-20260412T075438-rsi-21-30-70,['BMNR-rsi-21-30-70-20260412T074855-rsi-21-30-70'],False
BMNR::rsi_threshold::rsi-6-25-75::314f044a3bf4b4a0fc0db67d15c755c2afdbef55,BMNR,rsi_threshold,rsi-6-25-75,314f044a3bf4b4a0fc0db67d15c755c2afdbef55,2,BMNR-rsi-6-25-75-20260412T075438-rsi-6-25-75,['BMNR-rsi-6-25-75-20260412T074855-rsi-6-25-75'],False
BMNR::rsi_threshold::rsi-baseline::f7c06f158ab2eb36975772ca7503b4e1d278befd,BMNR,rsi_threshold,rsi-baseline,f7c06f158ab2eb36975772ca7503b4e1d278befd,2,BMNR-rsi-baseline-20260412T075437-rsi-baseline,['BMNR-rsi-baseline-20260412T074855-rsi-baseline'],False
COIN::macd_crossover::macd-10-30-9::ecb8de5567887d0d5655ffc7418ad0e8a9b715ae,COIN,macd_crossover,macd-10-30-9,ecb8de5567887d0d5655ffc7418ad0e8a9b715ae,2,COIN-macd-10-30-9-20260412T075439-macd-10-30-9,['COIN-macd-10-30-9-20260412T074856-macd-10-30-9'],False
COIN::macd_crossover::macd-5-35-5::5cf7374800361e5fe1dd036e0afe65c9da0c4690,COIN,macd_crossover,macd-5-35-5,5cf7374800361e5fe1dd036e0afe65c9da0c4690,2,COIN-macd-5-35-5-20260412T075439-macd-5-35-5,['COIN-macd-5-35-5-20260412T074856-macd-5-35-5'],False
COIN::macd_crossover::macd-8-21-5::533530cf71e232d34ce704c3153f276e2cb4f8ec,COIN,macd_crossover,macd-8-21-5,533530cf71e232d34ce704c3153f276e2cb4f8ec,2,COIN-macd-8-21-5-20260412T075439-macd-8-21-5,['COIN-macd-8-21-5-20260412T074856-macd-8-21-5'],False
COIN::macd_crossover::macd-baseline::cc7f7d1c3dad2ebaf928756250404dc3b06d7200,COIN,macd_crossover,macd-baseline,cc7f7d1c3dad2ebaf928756250404dc3b06d7200,2,COIN-macd-baseline-20260412T075439-macd-baseline,['COIN-macd-baseline-20260412T074856-macd-baseline'],False
COIN::moving_average_crossover::ma-10-30::35be04e412c34f2580005e7e234e9d7b041634a8,COIN,moving_average_crossover,ma-10-30,35be04e412c34f2580005e7e234e9d7b041634a8,2,COIN-ma-10-30-20260412T075438-ma-10-30,['COIN-ma-10-30-20260412T074855-ma-10-30'],False
COIN::moving_average_crossover::ma-3-15::69374c13bf7522591efb43b570e65bdd31da3add,COIN,moving_average_crossover,ma-3-15,69374c13bf7522591efb43b570e65bdd31da3add,2,COIN-ma-3-15-20260412T075438-ma-3-15,['COIN-ma-3-15-20260412T074855-ma-3-15'],False
COIN::moving_average_crossover::ma-8-21::68876fc46f1bc740ab36d47876747c7ba2407011,COIN,moving_average_crossover,ma-8-21,68876fc46f1bc740ab36d47876747c7ba2407011,2,COIN-ma-8-21-20260412T075438-ma-8-21,['COIN-ma-8-21-20260412T074855-ma-8-21'],False
COIN::moving_average_crossover::ma-baseline::33bc22daf5108f93b692b8c7f7d6c24e9b9ee9e6,COIN,moving_average_crossover,ma-baseline,33bc22daf5108f93b692b8c7f7d6c24e9b9ee9e6,2,COIN-ma-baseline-20260412T075437-ma-baseline,['COIN-ma-baseline-20260412T074855-ma-baseline'],False
COIN::rsi_threshold::rsi-14-35-65::85f9b6d3e41d73d152f44383b094863ca64d0c83,COIN,rsi_threshold,rsi-14-35-65,85f9b6d3e41d73d152f44383b094863ca64d0c83,2,COIN-rsi-14-35-65-20260412T075439-rsi-14-35-65,['COIN-rsi-14-35-65-20260412T074856-rsi-14-35-65'],False
COIN::rsi_threshold::rsi-21-30-70::4dbe4870cef1a5db9953fc5af2742bde5104a63c,COIN,rsi_threshold,rsi-21-30-70,4dbe4870cef1a5db9953fc5af2742bde5104a63c,2,COIN-rsi-21-30-70-20260412T075439-rsi-21-30-70,['COIN-rsi-21-30-70-20260412T074856-rsi-21-30-70'],False
COIN::rsi_threshold::rsi-6-25-75::314f044a3bf4b4a0fc0db67d15c755c2afdbef55,COIN,rsi_threshold,rsi-6-25-75,314f044a3bf4b4a0fc0db67d15c755c2afdbef55,2,COIN-rsi-6-25-75-20260412T075438-rsi-6-25-75,['COIN-rsi-6-25-75-20260412T074856-rsi-6-25-75'],False
COIN::rsi_threshold::rsi-baseline::f7c06f158ab2eb36975772ca7503b4e1d278befd,COIN,rsi_threshold,rsi-baseline,f7c06f158ab2eb36975772ca7503b4e1d278befd,2,COIN-rsi-baseline-20260412T075438-rsi-baseline,['COIN-rsi-baseline-20260412T074855-rsi-baseline'],False
CRCL::macd_crossover::macd-10-30-9::ecb8de5567887d0d5655ffc7418ad0e8a9b715ae,CRCL,macd_crossover,macd-10-30-9,ecb8de5567887d0d5655ffc7418ad0e8a9b715ae,2,CRCL-macd-10-30-9-20260412T075439-macd-10-30-9,['CRCL-macd-10-30-9-20260412T074856-macd-10-30-9'],False
CRCL::macd_crossover::macd-5-35-5::5cf7374800361e5fe1dd036e0afe65c9da0c4690,CRCL,macd_crossover,macd-5-35-5,5cf7374800361e5fe1dd036e0afe65c9da0c4690,2,CRCL-macd-5-35-5-20260412T075439-macd-5-35-5,['CRCL-macd-5-35-5-20260412T074856-macd-5-35-5'],False
CRCL::macd_crossover::macd-8-21-5::533530cf71e232d34ce704c3153f276e2cb4f8ec,CRCL,macd_crossover,macd-8-21-5,533530cf71e232d34ce704c3153f276e2cb4f8ec,2,CRCL-macd-8-21-5-20260412T075439-macd-8-21-5,['CRCL-macd-8-21-5-20260412T074856-macd-8-21-5'],False
CRCL::macd_crossover::macd-baseline::cc7f7d1c3dad2ebaf928756250404dc3b06d7200,CRCL,macd_crossover,macd-baseline,cc7f7d1c3dad2ebaf928756250404dc3b06d7200,2,CRCL-macd-baseline-20260412T075439-macd-baseline,['CRCL-macd-baseline-20260412T074856-macd-baseline'],False
CRCL::moving_average_crossover::ma-10-30::35be04e412c34f2580005e7e234e9d7b041634a8,CRCL,moving_average_crossover,ma-10-30,35be04e412c34f2580005e7e234e9d7b041634a8,2,CRCL-ma-10-30-20260412T075439-ma-10-30,['CRCL-ma-10-30-20260412T074856-ma-10-30'],False
CRCL::moving_average_crossover::ma-3-15::69374c13bf7522591efb43b570e65bdd31da3add,CRCL,moving_average_crossover,ma-3-15,69374c13bf7522591efb43b570e65bdd31da3add,2,CRCL-ma-3-15-20260412T075438-ma-3-15,['CRCL-ma-3-15-20260412T074856-ma-3-15'],False
CRCL::moving_average_crossover::ma-8-21::68876fc46f1bc740ab36d47876747c7ba2407011,CRCL,moving_average_crossover,ma-8-21,68876fc46f1bc740ab36d47876747c7ba2407011,2,CRCL-ma-8-21-20260412T075439-ma-8-21,['CRCL-ma-8-21-20260412T074856-ma-8-21'],False
CRCL::moving_average_crossover::ma-baseline::33bc22daf5108f93b692b8c7f7d6c24e9b9ee9e6,CRCL,moving_average_crossover,ma-baseline,33bc22daf5108f93b692b8c7f7d6c24e9b9ee9e6,2,CRCL-ma-baseline-20260412T075438-ma-baseline,['CRCL-ma-baseline-20260412T074856-ma-baseline'],False
CRCL::rsi_threshold::rsi-14-35-65::85f9b6d3e41d73d152f44383b094863ca64d0c83,CRCL,rsi_threshold,rsi-14-35-65,85f9b6d3e41d73d152f44383b094863ca64d0c83,2,CRCL-rsi-14-35-65-20260412T075439-rsi-14-35-65,['CRCL-rsi-14-35-65-20260412T074856-rsi-14-35-65'],False
CRCL::rsi_threshold::rsi-21-30-70::4dbe4870cef1a5db9953fc5af2742bde5104a63c,CRCL,rsi_threshold,rsi-21-30-70,4dbe4870cef1a5db9953fc5af2742bde5104a63c,2,CRCL-rsi-21-30-70-20260412T075439-rsi-21-30-70,['CRCL-rsi-21-30-70-20260412T074856-rsi-21-30-70'],False
CRCL::rsi_threshold::rsi-6-25-75::314f044a3bf4b4a0fc0db67d15c755c2afdbef55,CRCL,rsi_threshold,rsi-6-25-75,314f044a3bf4b4a0fc0db67d15c755c2afdbef55,2,CRCL-rsi-6-25-75-20260412T075439-rsi-6-25-75,['CRCL-rsi-6-25-75-20260412T074856-rsi-6-25-75'],False
CRCL::rsi_threshold::rsi-baseline::f7c06f158ab2eb36975772ca7503b4e1d278befd,CRCL,rsi_threshold,rsi-baseline,f7c06f158ab2eb36975772ca7503b4e1d278befd,2,CRCL-rsi-baseline-20260412T075439-rsi-baseline,['CRCL-rsi-baseline-20260412T074856-rsi-baseline'],False
CRWV::macd_crossover::macd-10-30-9::ecb8de5567887d0d5655ffc7418ad0e8a9b715ae,CRWV,macd_crossover,macd-10-30-9,ecb8de5567887d0d5655ffc7418ad0e8a9b715ae,2,CRWV-macd-10-30-9-20260412T075439-macd-10-30-9,['CRWV-macd-10-30-9-20260412T074856-macd-10-30-9'],False
CRWV::macd_crossover::macd-5-35-5::5cf7374800361e5fe1dd036e0afe65c9da0c4690,CRWV,macd_crossover,macd-5-35-5,5cf7374800361e5fe1dd036e0afe65c9da0c4690,2,CRWV-macd-5-35-5-20260412T075439-macd-5-35-5,['CRWV-macd-5-35-5-20260412T074856-macd-5-35-5'],False
CRWV::macd_crossover::macd-8-21-5::533530cf71e232d34ce704c3153f276e2cb4f8ec,CRWV,macd_crossover,macd-8-21-5,533530cf71e232d34ce704c3153f276e2cb4f8ec,2,CRWV-macd-8-21-5-20260412T075439-macd-8-21-5,['CRWV-macd-8-21-5-20260412T074856-macd-8-21-5'],False
CRWV::macd_crossover::macd-baseline::cc7f7d1c3dad2ebaf928756250404dc3b06d7200,CRWV,macd_crossover,macd-baseline,cc7f7d1c3dad2ebaf928756250404dc3b06d7200,2,CRWV-macd-baseline-20260412T075439-macd-baseline,['CRWV-macd-baseline-20260412T074856-macd-baseline'],False
CRWV::moving_average_crossover::ma-10-30::35be04e412c34f2580005e7e234e9d7b041634a8,CRWV,moving_average_crossover,ma-10-30,35be04e412c34f2580005e7e234e9d7b041634a8,2,CRWV-ma-10-30-20260412T075439-ma-10-30,['CRWV-ma-10-30-20260412T074856-ma-10-30'],False
CRWV::moving_average_crossover::ma-3-15::69374c13bf7522591efb43b570e65bdd31da3add,CRWV,moving_average_crossover,ma-3-15,69374c13bf7522591efb43b570e65bdd31da3add,2,CRWV-ma-3-15-20260412T075439-ma-3-15,['CRWV-ma-3-15-20260412T074856-ma-3-15'],False
CRWV::moving_average_crossover::ma-8-21::68876fc46f1bc740ab36d47876747c7ba2407011,CRWV,moving_average_crossover,ma-8-21,68876fc46f1bc740ab36d47876747c7ba2407011,2,CRWV-ma-8-21-20260412T075439-ma-8-21,['CRWV-ma-8-21-20260412T074856-ma-8-21'],False
CRWV::moving_average_crossover::ma-baseline::33bc22daf5108f93b692b8c7f7d6c24e9b9ee9e6,CRWV,moving_average_crossover,ma-baseline,33bc22daf5108f93b692b8c7f7d6c24e9b9ee9e6,2,CRWV-ma-baseline-20260412T075439-ma-baseline,['CRWV-ma-baseline-20260412T074856-ma-baseline'],False
CRWV::rsi_threshold::rsi-14-35-65::85f9b6d3e41d73d152f44383b094863ca64d0c83,CRWV,rsi_threshold,rsi-14-35-65,85f9b6d3e41d73d152f44383b094863ca64d0c83,2,CRWV-rsi-14-35-65-20260412T075439-rsi-14-35-65,['CRWV-rsi-14-35-65-20260412T074856-rsi-14-35-65'],False
CRWV::rsi_threshold::rsi-21-30-70::4dbe4870cef1a5db9953fc5af2742bde5104a63c,CRWV,rsi_threshold,rsi-21-30-70,4dbe4870cef1a5db9953fc5af2742bde5104a63c,2,CRWV-rsi-21-30-70-20260412T075439-rsi-21-30-70,['CRWV-rsi-21-30-70-20260412T074856-rsi-21-30-70'],False
CRWV::rsi_threshold::rsi-6-25-75::314f044a3bf4b4a0fc0db67d15c755c2afdbef55,CRWV,rsi_threshold,rsi-6-25-75,314f044a3bf4b4a0fc0db67d15c755c2afdbef55,2,CRWV-rsi-6-25-75-20260412T075439-rsi-6-25-75,['CRWV-rsi-6-25-75-20260412T074856-rsi-6-25-75'],False
CRWV::rsi_threshold::rsi-baseline::f7c06f158ab2eb36975772ca7503b4e1d278befd,CRWV,rsi_threshold,rsi-baseline,f7c06f158ab2eb36975772ca7503b4e1d278befd,2,CRWV-rsi-baseline-20260412T075439-rsi-baseline,['CRWV-rsi-baseline-20260412T074856-rsi-baseline'],False
HOOD::macd_crossover::macd-10-30-9::ecb8de5567887d0d5655ffc7418ad0e8a9b715ae,HOOD,macd_crossover,macd-10-30-9,ecb8de5567887d0d5655ffc7418ad0e8a9b715ae,2,HOOD-macd-10-30-9-20260412T075440-macd-10-30-9,['HOOD-macd-10-30-9-20260412T074857-macd-10-30-9'],False
HOOD::macd_crossover::macd-5-35-5::5cf7374800361e5fe1dd036e0afe65c9da0c4690,HOOD,macd_crossover,macd-5-35-5,5cf7374800361e5fe1dd036e0afe65c9da0c4690,2,HOOD-macd-5-35-5-20260412T075440-macd-5-35-5,['HOOD-macd-5-35-5-20260412T074858-macd-5-35-5'],False
HOOD::macd_crossover::macd-8-21-5::533530cf71e232d34ce704c3153f276e2cb4f8ec,HOOD,macd_crossover,macd-8-21-5,533530cf71e232d34ce704c3153f276e2cb4f8ec,2,HOOD-macd-8-21-5-20260412T075440-macd-8-21-5,['HOOD-macd-8-21-5-20260412T074857-macd-8-21-5'],False
HOOD::macd_crossover::macd-baseline::cc7f7d1c3dad2ebaf928756250404dc3b06d7200,HOOD,macd_crossover,macd-baseline,cc7f7d1c3dad2ebaf928756250404dc3b06d7200,2,HOOD-macd-baseline-20260412T075440-macd-baseline,['HOOD-macd-baseline-20260412T074857-macd-baseline'],False
HOOD::moving_average_crossover::ma-10-30::35be04e412c34f2580005e7e234e9d7b041634a8,HOOD,moving_average_crossover,ma-10-30,35be04e412c34f2580005e7e234e9d7b041634a8,2,HOOD-ma-10-30-20260412T075439-ma-10-30,['HOOD-ma-10-30-20260412T074856-ma-10-30'],False
HOOD::moving_average_crossover::ma-3-15::69374c13bf7522591efb43b570e65bdd31da3add,HOOD,moving_average_crossover,ma-3-15,69374c13bf7522591efb43b570e65bdd31da3add,2,HOOD-ma-3-15-20260412T075439-ma-3-15,['HOOD-ma-3-15-20260412T074856-ma-3-15'],False
HOOD::moving_average_crossover::ma-8-21::68876fc46f1bc740ab36d47876747c7ba2407011,HOOD,moving_average_crossover,ma-8-21,68876fc46f1bc740ab36d47876747c7ba2407011,2,HOOD-ma-8-21-20260412T075439-ma-8-21,['HOOD-ma-8-21-20260412T074856-ma-8-21'],False
HOOD::moving_average_crossover::ma-baseline::33bc22daf5108f93b692b8c7f7d6c24e9b9ee9e6,HOOD,moving_average_crossover,ma-baseline,33bc22daf5108f93b692b8c7f7d6c24e9b9ee9e6,2,HOOD-ma-baseline-20260412T075439-ma-baseline,['HOOD-ma-baseline-20260412T074856-ma-baseline'],False
HOOD::rsi_threshold::rsi-14-35-65::85f9b6d3e41d73d152f44383b094863ca64d0c83,HOOD,rsi_threshold,rsi-14-35-65,85f9b6d3e41d73d152f44383b094863ca64d0c83,2,HOOD-rsi-14-35-65-20260412T075440-rsi-14-35-65,['HOOD-rsi-14-35-65-20260412T074857-rsi-14-35-65'],False
HOOD::rsi_threshold::rsi-21-30-70::4dbe4870cef1a5db9953fc5af2742bde5104a63c,HOOD,rsi_threshold,rsi-21-30-70,4dbe4870cef1a5db9953fc5af2742bde5104a63c,2,HOOD-rsi-21-30-70-20260412T075440-rsi-21-30-70,['HOOD-rsi-21-30-70-20260412T074857-rsi-21-30-70'],False
HOOD::rsi_threshold::rsi-6-25-75::314f044a3bf4b4a0fc0db67d15c755c2afdbef55,HOOD,rsi_threshold,rsi-6-25-75,314f044a3bf4b4a0fc0db67d15c755c2afdbef55,2,HOOD-rsi-6-25-75-20260412T075439-rsi-6-25-75,['HOOD-rsi-6-25-75-20260412T074857-rsi-6-25-75'],False
HOOD::rsi_threshold::rsi-baseline::f7c06f158ab2eb36975772ca7503b4e1d278befd,HOOD,rsi_threshold,rsi-baseline,f7c06f158ab2eb36975772ca7503b4e1d278befd,2,HOOD-rsi-baseline-20260412T075439-rsi-baseline,['HOOD-rsi-baseline-20260412T074856-rsi-baseline'],False
IREN::macd_crossover::macd-10-30-9::ecb8de5567887d0d5655ffc7418ad0e8a9b715ae,IREN,macd_crossover,macd-10-30-9,ecb8de5567887d0d5655ffc7418ad0e8a9b715ae,2,IREN-macd-10-30-9-20260412T075441-macd-10-30-9,['IREN-macd-10-30-9-20260412T074858-macd-10-30-9'],False
IREN::macd_crossover::macd-5-35-5::5cf7374800361e5fe1dd036e0afe65c9da0c4690,IREN,macd_crossover,macd-5-35-5,5cf7374800361e5fe1dd036e0afe65c9da0c4690,2,IREN-macd-5-35-5-20260412T075441-macd-5-35-5,['IREN-macd-5-35-5-20260412T074858-macd-5-35-5'],False
IREN::macd_crossover::macd-8-21-5::533530cf71e232d34ce704c3153f276e2cb4f8ec,IREN,macd_crossover,macd-8-21-5,533530cf71e232d34ce704c3153f276e2cb4f8ec,2,IREN-macd-8-21-5-20260412T075441-macd-8-21-5,['IREN-macd-8-21-5-20260412T074858-macd-8-21-5'],False
IREN::macd_crossover::macd-baseline::cc7f7d1c3dad2ebaf928756250404dc3b06d7200,IREN,macd_crossover,macd-baseline,cc7f7d1c3dad2ebaf928756250404dc3b06d7200,2,IREN-macd-baseline-20260412T075441-macd-baseline,['IREN-macd-baseline-20260412T074858-macd-baseline'],False
IREN::moving_average_crossover::ma-10-30::35be04e412c34f2580005e7e234e9d7b041634a8,IREN,moving_average_crossover,ma-10-30,35be04e412c34f2580005e7e234e9d7b041634a8,2,IREN-ma-10-30-20260412T075440-ma-10-30,['IREN-ma-10-30-20260412T074857-ma-10-30'],False
IREN::moving_average_crossover::ma-3-15::69374c13bf7522591efb43b570e65bdd31da3add,IREN,moving_average_crossover,ma-3-15,69374c13bf7522591efb43b570e65bdd31da3add,2,IREN-ma-3-15-20260412T075439-ma-3-15,['IREN-ma-3-15-20260412T074857-ma-3-15'],False
IREN::moving_average_crossover::ma-8-21::68876fc46f1bc740ab36d47876747c7ba2407011,IREN,moving_average_crossover,ma-8-21,68876fc46f1bc740ab36d47876747c7ba2407011,2,IREN-ma-8-21-20260412T075440-ma-8-21,['IREN-ma-8-21-20260412T074857-ma-8-21'],False
IREN::moving_average_crossover::ma-baseline::33bc22daf5108f93b692b8c7f7d6c24e9b9ee9e6,IREN,moving_average_crossover,ma-baseline,33bc22daf5108f93b692b8c7f7d6c24e9b9ee9e6,2,IREN-ma-baseline-20260412T075439-ma-baseline,['IREN-ma-baseline-20260412T074857-ma-baseline'],False
IREN::rsi_threshold::rsi-14-35-65::85f9b6d3e41d73d152f44383b094863ca64d0c83,IREN,rsi_threshold,rsi-14-35-65,85f9b6d3e41d73d152f44383b094863ca64d0c83,2,IREN-rsi-14-35-65-20260412T075440-rsi-14-35-65,['IREN-rsi-14-35-65-20260412T074858-rsi-14-35-65'],False
IREN::rsi_threshold::rsi-21-30-70::4dbe4870cef1a5db9953fc5af2742bde5104a63c,IREN,rsi_threshold,rsi-21-30-70,4dbe4870cef1a5db9953fc5af2742bde5104a63c,2,IREN-rsi-21-30-70-20260412T075441-rsi-21-30-70,['IREN-rsi-21-30-70-20260412T074858-rsi-21-30-70'],False
IREN::rsi_threshold::rsi-6-25-75::314f044a3bf4b4a0fc0db67d15c755c2afdbef55,IREN,rsi_threshold,rsi-6-25-75,314f044a3bf4b4a0fc0db67d15c755c2afdbef55,2,IREN-rsi-6-25-75-20260412T075440-rsi-6-25-75,['IREN-rsi-6-25-75-20260412T074857-rsi-6-25-75'],False
IREN::rsi_threshold::rsi-baseline::f7c06f158ab2eb36975772ca7503b4e1d278befd,IREN,rsi_threshold,rsi-baseline,f7c06f158ab2eb36975772ca7503b4e1d278befd,2,IREN-rsi-baseline-20260412T075440-rsi-baseline,['IREN-rsi-baseline-20260412T074857-rsi-baseline'],False
MU::macd_crossover::macd-10-30-9::ecb8de5567887d0d5655ffc7418ad0e8a9b715ae,MU,macd_crossover,macd-10-30-9,ecb8de5567887d0d5655ffc7418ad0e8a9b715ae,2,MU-macd-10-30-9-20260412T075443-macd-10-30-9,['MU-macd-10-30-9-20260412T074900-macd-10-30-9'],False
MU::macd_crossover::macd-5-35-5::5cf7374800361e5fe1dd036e0afe65c9da0c4690,MU,macd_crossover,macd-5-35-5,5cf7374800361e5fe1dd036e0afe65c9da0c4690,2,MU-macd-5-35-5-20260412T075443-macd-5-35-5,['MU-macd-5-35-5-20260412T074901-macd-5-35-5'],False
MU::macd_crossover::macd-8-21-5::533530cf71e232d34ce704c3153f276e2cb4f8ec,MU,macd_crossover,macd-8-21-5,533530cf71e232d34ce704c3153f276e2cb4f8ec,2,MU-macd-8-21-5-20260412T075443-macd-8-21-5,['MU-macd-8-21-5-20260412T074900-macd-8-21-5'],False
MU::macd_crossover::macd-baseline::cc7f7d1c3dad2ebaf928756250404dc3b06d7200,MU,macd_crossover,macd-baseline,cc7f7d1c3dad2ebaf928756250404dc3b06d7200,2,MU-macd-baseline-20260412T075442-macd-baseline,['MU-macd-baseline-20260412T074859-macd-baseline'],False
MU::moving_average_crossover::ma-10-30::35be04e412c34f2580005e7e234e9d7b041634a8,MU,moving_average_crossover,ma-10-30,35be04e412c34f2580005e7e234e9d7b041634a8,2,MU-ma-10-30-20260412T075440-ma-10-30,['MU-ma-10-30-20260412T074858-ma-10-30'],False
MU::moving_average_crossover::ma-3-15::69374c13bf7522591efb43b570e65bdd31da3add,MU,moving_average_crossover,ma-3-15,69374c13bf7522591efb43b570e65bdd31da3add,2,MU-ma-3-15-20260412T075440-ma-3-15,['MU-ma-3-15-20260412T074857-ma-3-15'],False
MU::moving_average_crossover::ma-8-21::68876fc46f1bc740ab36d47876747c7ba2407011,MU,moving_average_crossover,ma-8-21,68876fc46f1bc740ab36d47876747c7ba2407011,2,MU-ma-8-21-20260412T075440-ma-8-21,['MU-ma-8-21-20260412T074857-ma-8-21'],False
MU::moving_average_crossover::ma-baseline::33bc22daf5108f93b692b8c7f7d6c24e9b9ee9e6,MU,moving_average_crossover,ma-baseline,33bc22daf5108f93b692b8c7f7d6c24e9b9ee9e6,2,MU-ma-baseline-20260412T075440-ma-baseline,['MU-ma-baseline-20260412T074857-ma-baseline'],False
MU::rsi_threshold::rsi-14-35-65::85f9b6d3e41d73d152f44383b094863ca64d0c83,MU,rsi_threshold,rsi-14-35-65,85f9b6d3e41d73d152f44383b094863ca64d0c83,2,MU-rsi-14-35-65-20260412T075441-rsi-14-35-65,['MU-rsi-14-35-65-20260412T074859-rsi-14-35-65'],False
MU::rsi_threshold::rsi-21-30-70::4dbe4870cef1a5db9953fc5af2742bde5104a63c,MU,rsi_threshold,rsi-21-30-70,4dbe4870cef1a5db9953fc5af2742bde5104a63c,2,MU-rsi-21-30-70-20260412T075442-rsi-21-30-70,['MU-rsi-21-30-70-20260412T074859-rsi-21-30-70'],False
MU::rsi_threshold::rsi-6-25-75::314f044a3bf4b4a0fc0db67d15c755c2afdbef55,MU,rsi_threshold,rsi-6-25-75,314f044a3bf4b4a0fc0db67d15c755c2afdbef55,2,MU-rsi-6-25-75-20260412T075441-rsi-6-25-75,['MU-rsi-6-25-75-20260412T074858-rsi-6-25-75'],False
MU::rsi_threshold::rsi-baseline::f7c06f158ab2eb36975772ca7503b4e1d278befd,MU,rsi_threshold,rsi-baseline,f7c06f158ab2eb36975772ca7503b4e1d278befd,2,MU-rsi-baseline-20260412T075441-rsi-baseline,['MU-rsi-baseline-20260412T074858-rsi-baseline'],False
NBIS::macd_crossover::macd-10-30-9::ecb8de5567887d0d5655ffc7418ad0e8a9b715ae,NBIS,macd_crossover,macd-10-30-9,ecb8de5567887d0d5655ffc7418ad0e8a9b715ae,2,NBIS-macd-10-30-9-20260412T075441-macd-10-30-9,['NBIS-macd-10-30-9-20260412T074858-macd-10-30-9'],False
NBIS::macd_crossover::macd-5-35-5::5cf7374800361e5fe1dd036e0afe65c9da0c4690,NBIS,macd_crossover,macd-5-35-5,5cf7374800361e5fe1dd036e0afe65c9da0c4690,2,NBIS-macd-5-35-5-20260412T075441-macd-5-35-5,['NBIS-macd-5-35-5-20260412T074858-macd-5-35-5'],False
NBIS::macd_crossover::macd-8-21-5::533530cf71e232d34ce704c3153f276e2cb4f8ec,NBIS,macd_crossover,macd-8-21-5,533530cf71e232d34ce704c3153f276e2cb4f8ec,2,NBIS-macd-8-21-5-20260412T075441-macd-8-21-5,['NBIS-macd-8-21-5-20260412T074858-macd-8-21-5'],False
NBIS::macd_crossover::macd-baseline::cc7f7d1c3dad2ebaf928756250404dc3b06d7200,NBIS,macd_crossover,macd-baseline,cc7f7d1c3dad2ebaf928756250404dc3b06d7200,2,NBIS-macd-baseline-20260412T075441-macd-baseline,['NBIS-macd-baseline-20260412T074858-macd-baseline'],False
NBIS::moving_average_crossover::ma-10-30::35be04e412c34f2580005e7e234e9d7b041634a8,NBIS,moving_average_crossover,ma-10-30,35be04e412c34f2580005e7e234e9d7b041634a8,2,NBIS-ma-10-30-20260412T075440-ma-10-30,['NBIS-ma-10-30-20260412T074857-ma-10-30'],False
NBIS::moving_average_crossover::ma-3-15::69374c13bf7522591efb43b570e65bdd31da3add,NBIS,moving_average_crossover,ma-3-15,69374c13bf7522591efb43b570e65bdd31da3add,2,NBIS-ma-3-15-20260412T075440-ma-3-15,['NBIS-ma-3-15-20260412T074857-ma-3-15'],False
NBIS::moving_average_crossover::ma-8-21::68876fc46f1bc740ab36d47876747c7ba2407011,NBIS,moving_average_crossover,ma-8-21,68876fc46f1bc740ab36d47876747c7ba2407011,2,NBIS-ma-8-21-20260412T075440-ma-8-21,['NBIS-ma-8-21-20260412T074857-ma-8-21'],False
NBIS::moving_average_crossover::ma-baseline::33bc22daf5108f93b692b8c7f7d6c24e9b9ee9e6,NBIS,moving_average_crossover,ma-baseline,33bc22daf5108f93b692b8c7f7d6c24e9b9ee9e6,2,NBIS-ma-baseline-20260412T075440-ma-baseline,['NBIS-ma-baseline-20260412T074857-ma-baseline'],False
NBIS::rsi_threshold::rsi-14-35-65::85f9b6d3e41d73d152f44383b094863ca64d0c83,NBIS,rsi_threshold,rsi-14-35-65,85f9b6d3e41d73d152f44383b094863ca64d0c83,2,NBIS-rsi-14-35-65-20260412T075440-rsi-14-35-65,['NBIS-rsi-14-35-65-20260412T074857-rsi-14-35-65'],False
NBIS::rsi_threshold::rsi-21-30-70::4dbe4870cef1a5db9953fc5af2742bde5104a63c,NBIS,rsi_threshold,rsi-21-30-70,4dbe4870cef1a5db9953fc5af2742bde5104a63c,2,NBIS-rsi-21-30-70-20260412T075440-rsi-21-30-70,['NBIS-rsi-21-30-70-20260412T074857-rsi-21-30-70'],False
NBIS::rsi_threshold::rsi-6-25-75::314f044a3bf4b4a0fc0db67d15c755c2afdbef55,NBIS,rsi_threshold,rsi-6-25-75,314f044a3bf4b4a0fc0db67d15c755c2afdbef55,2,NBIS-rsi-6-25-75-20260412T075440-rsi-6-25-75,['NBIS-rsi-6-25-75-20260412T074857-rsi-6-25-75'],False
NBIS::rsi_threshold::rsi-baseline::f7c06f158ab2eb36975772ca7503b4e1d278befd,NBIS,rsi_threshold,rsi-baseline,f7c06f158ab2eb36975772ca7503b4e1d278befd,2,NBIS-rsi-baseline-20260412T075440-rsi-baseline,['NBIS-rsi-baseline-20260412T074857-rsi-baseline'],False
NVDA::macd_crossover::macd-10-30-9::ecb8de5567887d0d5655ffc7418ad0e8a9b715ae,NVDA,macd_crossover,macd-10-30-9,ecb8de5567887d0d5655ffc7418ad0e8a9b715ae,2,NVDA-macd-10-30-9-20260412T075445-macd-10-30-9,['NVDA-macd-10-30-9-20260412T074902-macd-10-30-9'],False
NVDA::macd_crossover::macd-5-35-5::5cf7374800361e5fe1dd036e0afe65c9da0c4690,NVDA,macd_crossover,macd-5-35-5,5cf7374800361e5fe1dd036e0afe65c9da0c4690,2,NVDA-macd-5-35-5-20260412T075445-macd-5-35-5,['NVDA-macd-5-35-5-20260412T074902-macd-5-35-5'],False
NVDA::macd_crossover::macd-8-21-5::533530cf71e232d34ce704c3153f276e2cb4f8ec,NVDA,macd_crossover,macd-8-21-5,533530cf71e232d34ce704c3153f276e2cb4f8ec,2,NVDA-macd-8-21-5-20260412T075444-macd-8-21-5,['NVDA-macd-8-21-5-20260412T074902-macd-8-21-5'],False
NVDA::macd_crossover::macd-baseline::cc7f7d1c3dad2ebaf928756250404dc3b06d7200,NVDA,macd_crossover,macd-baseline,cc7f7d1c3dad2ebaf928756250404dc3b06d7200,2,NVDA-macd-baseline-20260412T075444-macd-baseline,['NVDA-macd-baseline-20260412T074901-macd-baseline'],False
NVDA::moving_average_crossover::ma-10-30::35be04e412c34f2580005e7e234e9d7b041634a8,NVDA,moving_average_crossover,ma-10-30,35be04e412c34f2580005e7e234e9d7b041634a8,2,NVDA-ma-10-30-20260412T075442-ma-10-30,['NVDA-ma-10-30-20260412T074859-ma-10-30'],False
NVDA::moving_average_crossover::ma-3-15::69374c13bf7522591efb43b570e65bdd31da3add,NVDA,moving_average_crossover,ma-3-15,69374c13bf7522591efb43b570e65bdd31da3add,2,NVDA-ma-3-15-20260412T075441-ma-3-15,['NVDA-ma-3-15-20260412T074858-ma-3-15'],False
NVDA::moving_average_crossover::ma-8-21::68876fc46f1bc740ab36d47876747c7ba2407011,NVDA,moving_average_crossover,ma-8-21,68876fc46f1bc740ab36d47876747c7ba2407011,2,NVDA-ma-8-21-20260412T075442-ma-8-21,['NVDA-ma-8-21-20260412T074859-ma-8-21'],False
NVDA::moving_average_crossover::ma-baseline::33bc22daf5108f93b692b8c7f7d6c24e9b9ee9e6,NVDA,moving_average_crossover,ma-baseline,33bc22daf5108f93b692b8c7f7d6c24e9b9ee9e6,2,NVDA-ma-baseline-20260412T075441-ma-baseline,['NVDA-ma-baseline-20260412T074858-ma-baseline'],False
NVDA::rsi_threshold::rsi-14-35-65::85f9b6d3e41d73d152f44383b094863ca64d0c83,NVDA,rsi_threshold,rsi-14-35-65,85f9b6d3e41d73d152f44383b094863ca64d0c83,2,NVDA-rsi-14-35-65-20260412T075443-rsi-14-35-65,['NVDA-rsi-14-35-65-20260412T074900-rsi-14-35-65'],False
NVDA::rsi_threshold::rsi-21-30-70::4dbe4870cef1a5db9953fc5af2742bde5104a63c,NVDA,rsi_threshold,rsi-21-30-70,4dbe4870cef1a5db9953fc5af2742bde5104a63c,2,NVDA-rsi-21-30-70-20260412T075443-rsi-21-30-70,['NVDA-rsi-21-30-70-20260412T074901-rsi-21-30-70'],False
NVDA::rsi_threshold::rsi-6-25-75::314f044a3bf4b4a0fc0db67d15c755c2afdbef55,NVDA,rsi_threshold,rsi-6-25-75,314f044a3bf4b4a0fc0db67d15c755c2afdbef55,2,NVDA-rsi-6-25-75-20260412T075443-rsi-6-25-75,['NVDA-rsi-6-25-75-20260412T074900-rsi-6-25-75'],False
NVDA::rsi_threshold::rsi-baseline::f7c06f158ab2eb36975772ca7503b4e1d278befd,NVDA,rsi_threshold,rsi-baseline,f7c06f158ab2eb36975772ca7503b4e1d278befd,2,NVDA-rsi-baseline-20260412T075442-rsi-baseline,['NVDA-rsi-baseline-20260412T074900-rsi-baseline'],False
OPEN::macd_crossover::macd-10-30-9::ecb8de5567887d0d5655ffc7418ad0e8a9b715ae,OPEN,macd_crossover,macd-10-30-9,ecb8de5567887d0d5655ffc7418ad0e8a9b715ae,2,OPEN-macd-10-30-9-20260412T075444-macd-10-30-9,['OPEN-macd-10-30-9-20260412T074901-macd-10-30-9'],False
OPEN::macd_crossover::macd-5-35-5::5cf7374800361e5fe1dd036e0afe65c9da0c4690,OPEN,macd_crossover,macd-5-35-5,5cf7374800361e5fe1dd036e0afe65c9da0c4690,2,OPEN-macd-5-35-5-20260412T075444-macd-5-35-5,['OPEN-macd-5-35-5-20260412T074901-macd-5-35-5'],False
OPEN::macd_crossover::macd-8-21-5::533530cf71e232d34ce704c3153f276e2cb4f8ec,OPEN,macd_crossover,macd-8-21-5,533530cf71e232d34ce704c3153f276e2cb4f8ec,2,OPEN-macd-8-21-5-20260412T075444-macd-8-21-5,['OPEN-macd-8-21-5-20260412T074901-macd-8-21-5'],False
OPEN::macd_crossover::macd-baseline::cc7f7d1c3dad2ebaf928756250404dc3b06d7200,OPEN,macd_crossover,macd-baseline,cc7f7d1c3dad2ebaf928756250404dc3b06d7200,2,OPEN-macd-baseline-20260412T075443-macd-baseline,['OPEN-macd-baseline-20260412T074900-macd-baseline'],False
OPEN::moving_average_crossover::ma-10-30::35be04e412c34f2580005e7e234e9d7b041634a8,OPEN,moving_average_crossover,ma-10-30,35be04e412c34f2580005e7e234e9d7b041634a8,2,OPEN-ma-10-30-20260412T075442-ma-10-30,['OPEN-ma-10-30-20260412T074859-ma-10-30'],False
OPEN::moving_average_crossover::ma-3-15::69374c13bf7522591efb43b570e65bdd31da3add,OPEN,moving_average_crossover,ma-3-15,69374c13bf7522591efb43b570e65bdd31da3add,2,OPEN-ma-3-15-20260412T075441-ma-3-15,['OPEN-ma-3-15-20260412T074858-ma-3-15'],False
OPEN::moving_average_crossover::ma-8-21::68876fc46f1bc740ab36d47876747c7ba2407011,OPEN,moving_average_crossover,ma-8-21,68876fc46f1bc740ab36d47876747c7ba2407011,2,OPEN-ma-8-21-20260412T075442-ma-8-21,['OPEN-ma-8-21-20260412T074859-ma-8-21'],False
OPEN::moving_average_crossover::ma-baseline::33bc22daf5108f93b692b8c7f7d6c24e9b9ee9e6,OPEN,moving_average_crossover,ma-baseline,33bc22daf5108f93b692b8c7f7d6c24e9b9ee9e6,2,OPEN-ma-baseline-20260412T075441-ma-baseline,['OPEN-ma-baseline-20260412T074858-ma-baseline'],False
OPEN::rsi_threshold::rsi-14-35-65::85f9b6d3e41d73d152f44383b094863ca64d0c83,OPEN,rsi_threshold,rsi-14-35-65,85f9b6d3e41d73d152f44383b094863ca64d0c83,2,OPEN-rsi-14-35-65-20260412T075443-rsi-14-35-65,['OPEN-rsi-14-35-65-20260412T074900-rsi-14-35-65'],False
OPEN::rsi_threshold::rsi-21-30-70::4dbe4870cef1a5db9953fc5af2742bde5104a63c,OPEN,rsi_threshold,rsi-21-30-70,4dbe4870cef1a5db9953fc5af2742bde5104a63c,2,OPEN-rsi-21-30-70-20260412T075443-rsi-21-30-70,['OPEN-rsi-21-30-70-20260412T074900-rsi-21-30-70'],False
OPEN::rsi_threshold::rsi-6-25-75::314f044a3bf4b4a0fc0db67d15c755c2afdbef55,OPEN,rsi_threshold,rsi-6-25-75,314f044a3bf4b4a0fc0db67d15c755c2afdbef55,2,OPEN-rsi-6-25-75-20260412T075442-rsi-6-25-75,['OPEN-rsi-6-25-75-20260412T074859-rsi-6-25-75'],False
OPEN::rsi_threshold::rsi-baseline::f7c06f158ab2eb36975772ca7503b4e1d278befd,OPEN,rsi_threshold,rsi-baseline,f7c06f158ab2eb36975772ca7503b4e1d278befd,2,OPEN-rsi-baseline-20260412T075442-rsi-baseline,['OPEN-rsi-baseline-20260412T074859-rsi-baseline'],False
ORCL::macd_crossover::macd-10-30-9::ecb8de5567887d0d5655ffc7418ad0e8a9b715ae,ORCL,macd_crossover,macd-10-30-9,ecb8de5567887d0d5655ffc7418ad0e8a9b715ae,2,ORCL-macd-10-30-9-20260412T075445-macd-10-30-9,['ORCL-macd-10-30-9-20260412T074902-macd-10-30-9'],False
ORCL::macd_crossover::macd-5-35-5::5cf7374800361e5fe1dd036e0afe65c9da0c4690,ORCL,macd_crossover,macd-5-35-5,5cf7374800361e5fe1dd036e0afe65c9da0c4690,2,ORCL-macd-5-35-5-20260412T075446-macd-5-35-5,['ORCL-macd-5-35-5-20260412T074903-macd-5-35-5'],False
ORCL::macd_crossover::macd-8-21-5::533530cf71e232d34ce704c3153f276e2cb4f8ec,ORCL,macd_crossover,macd-8-21-5,533530cf71e232d34ce704c3153f276e2cb4f8ec,2,ORCL-macd-8-21-5-20260412T075445-macd-8-21-5,['ORCL-macd-8-21-5-20260412T074902-macd-8-21-5'],False
ORCL::macd_crossover::macd-baseline::cc7f7d1c3dad2ebaf928756250404dc3b06d7200,ORCL,macd_crossover,macd-baseline,cc7f7d1c3dad2ebaf928756250404dc3b06d7200,2,ORCL-macd-baseline-20260412T075445-macd-baseline,['ORCL-macd-baseline-20260412T074902-macd-baseline'],False
ORCL::moving_average_crossover::ma-10-30::35be04e412c34f2580005e7e234e9d7b041634a8,ORCL,moving_average_crossover,ma-10-30,35be04e412c34f2580005e7e234e9d7b041634a8,2,ORCL-ma-10-30-20260412T075443-ma-10-30,['ORCL-ma-10-30-20260412T074900-ma-10-30'],False
ORCL::moving_average_crossover::ma-3-15::69374c13bf7522591efb43b570e65bdd31da3add,ORCL,moving_average_crossover,ma-3-15,69374c13bf7522591efb43b570e65bdd31da3add,2,ORCL-ma-3-15-20260412T075442-ma-3-15,['ORCL-ma-3-15-20260412T074859-ma-3-15'],False
ORCL::moving_average_crossover::ma-8-21::68876fc46f1bc740ab36d47876747c7ba2407011,ORCL,moving_average_crossover,ma-8-21,68876fc46f1bc740ab36d47876747c7ba2407011,2,ORCL-ma-8-21-20260412T075442-ma-8-21,['ORCL-ma-8-21-20260412T074900-ma-8-21'],False
ORCL::moving_average_crossover::ma-baseline::33bc22daf5108f93b692b8c7f7d6c24e9b9ee9e6,ORCL,moving_average_crossover,ma-baseline,33bc22daf5108f93b692b8c7f7d6c24e9b9ee9e6,2,ORCL-ma-baseline-20260412T075442-ma-baseline,['ORCL-ma-baseline-20260412T074859-ma-baseline'],False
ORCL::rsi_threshold::rsi-14-35-65::85f9b6d3e41d73d152f44383b094863ca64d0c83,ORCL,rsi_threshold,rsi-14-35-65,85f9b6d3e41d73d152f44383b094863ca64d0c83,2,ORCL-rsi-14-35-65-20260412T075444-rsi-14-35-65,['ORCL-rsi-14-35-65-20260412T074901-rsi-14-35-65'],False
ORCL::rsi_threshold::rsi-21-30-70::4dbe4870cef1a5db9953fc5af2742bde5104a63c,ORCL,rsi_threshold,rsi-21-30-70,4dbe4870cef1a5db9953fc5af2742bde5104a63c,2,ORCL-rsi-21-30-70-20260412T075444-rsi-21-30-70,['ORCL-rsi-21-30-70-20260412T074901-rsi-21-30-70'],False
ORCL::rsi_threshold::rsi-6-25-75::314f044a3bf4b4a0fc0db67d15c755c2afdbef55,ORCL,rsi_threshold,rsi-6-25-75,314f044a3bf4b4a0fc0db67d15c755c2afdbef55,2,ORCL-rsi-6-25-75-20260412T075444-rsi-6-25-75,['ORCL-rsi-6-25-75-20260412T074901-rsi-6-25-75'],False
ORCL::rsi_threshold::rsi-baseline::f7c06f158ab2eb36975772ca7503b4e1d278befd,ORCL,rsi_threshold,rsi-baseline,f7c06f158ab2eb36975772ca7503b4e1d278befd,2,ORCL-rsi-baseline-20260412T075443-rsi-baseline,['ORCL-rsi-baseline-20260412T074900-rsi-baseline'],False
PLTR::macd_crossover::macd-10-30-9::ecb8de5567887d0d5655ffc7418ad0e8a9b715ae,PLTR,macd_crossover,macd-10-30-9,ecb8de5567887d0d5655ffc7418ad0e8a9b715ae,2,PLTR-macd-10-30-9-20260412T075446-macd-10-30-9,['PLTR-macd-10-30-9-20260412T074903-macd-10-30-9'],False
PLTR::macd_crossover::macd-5-35-5::5cf7374800361e5fe1dd036e0afe65c9da0c4690,PLTR,macd_crossover,macd-5-35-5,5cf7374800361e5fe1dd036e0afe65c9da0c4690,2,PLTR-macd-5-35-5-20260412T075446-macd-5-35-5,['PLTR-macd-5-35-5-20260412T074904-macd-5-35-5'],False
PLTR::macd_crossover::macd-8-21-5::533530cf71e232d34ce704c3153f276e2cb4f8ec,PLTR,macd_crossover,macd-8-21-5,533530cf71e232d34ce704c3153f276e2cb4f8ec,2,PLTR-macd-8-21-5-20260412T075446-macd-8-21-5,['PLTR-macd-8-21-5-20260412T074903-macd-8-21-5'],False
PLTR::macd_crossover::macd-baseline::cc7f7d1c3dad2ebaf928756250404dc3b06d7200,PLTR,macd_crossover,macd-baseline,cc7f7d1c3dad2ebaf928756250404dc3b06d7200,2,PLTR-macd-baseline-20260412T075446-macd-baseline,['PLTR-macd-baseline-20260412T074903-macd-baseline'],False
PLTR::moving_average_crossover::ma-10-30::35be04e412c34f2580005e7e234e9d7b041634a8,PLTR,moving_average_crossover,ma-10-30,35be04e412c34f2580005e7e234e9d7b041634a8,2,PLTR-ma-10-30-20260412T075445-ma-10-30,['PLTR-ma-10-30-20260412T074902-ma-10-30'],False
PLTR::moving_average_crossover::ma-3-15::69374c13bf7522591efb43b570e65bdd31da3add,PLTR,moving_average_crossover,ma-3-15,69374c13bf7522591efb43b570e65bdd31da3add,2,PLTR-ma-3-15-20260412T075444-ma-3-15,['PLTR-ma-3-15-20260412T074901-ma-3-15'],False
PLTR::moving_average_crossover::ma-8-21::68876fc46f1bc740ab36d47876747c7ba2407011,PLTR,moving_average_crossover,ma-8-21,68876fc46f1bc740ab36d47876747c7ba2407011,2,PLTR-ma-8-21-20260412T075445-ma-8-21,['PLTR-ma-8-21-20260412T074902-ma-8-21'],False
PLTR::moving_average_crossover::ma-baseline::33bc22daf5108f93b692b8c7f7d6c24e9b9ee9e6,PLTR,moving_average_crossover,ma-baseline,33bc22daf5108f93b692b8c7f7d6c24e9b9ee9e6,2,PLTR-ma-baseline-20260412T075444-ma-baseline,['PLTR-ma-baseline-20260412T074901-ma-baseline'],False
PLTR::rsi_threshold::rsi-14-35-65::85f9b6d3e41d73d152f44383b094863ca64d0c83,PLTR,rsi_threshold,rsi-14-35-65,85f9b6d3e41d73d152f44383b094863ca64d0c83,2,PLTR-rsi-14-35-65-20260412T075445-rsi-14-35-65,['PLTR-rsi-14-35-65-20260412T074903-rsi-14-35-65'],False
PLTR::rsi_threshold::rsi-21-30-70::4dbe4870cef1a5db9953fc5af2742bde5104a63c,PLTR,rsi_threshold,rsi-21-30-70,4dbe4870cef1a5db9953fc5af2742bde5104a63c,2,PLTR-rsi-21-30-70-20260412T075446-rsi-21-30-70,['PLTR-rsi-21-30-70-20260412T074903-rsi-21-30-70'],False
PLTR::rsi_threshold::rsi-6-25-75::314f044a3bf4b4a0fc0db67d15c755c2afdbef55,PLTR,rsi_threshold,rsi-6-25-75,314f044a3bf4b4a0fc0db67d15c755c2afdbef55,2,PLTR-rsi-6-25-75-20260412T075445-rsi-6-25-75,['PLTR-rsi-6-25-75-20260412T074902-rsi-6-25-75'],False
PLTR::rsi_threshold::rsi-baseline::f7c06f158ab2eb36975772ca7503b4e1d278befd,PLTR,rsi_threshold,rsi-baseline,f7c06f158ab2eb36975772ca7503b4e1d278befd,2,PLTR-rsi-baseline-20260412T075445-rsi-baseline,['PLTR-rsi-baseline-20260412T074902-rsi-baseline'],False
RBLX::macd_crossover::macd-10-30-9::ecb8de5567887d0d5655ffc7418ad0e8a9b715ae,RBLX,macd_crossover,macd-10-30-9,ecb8de5567887d0d5655ffc7418ad0e8a9b715ae,2,RBLX-macd-10-30-9-20260412T075447-macd-10-30-9,['RBLX-macd-10-30-9-20260412T074903-macd-10-30-9'],False
RBLX::macd_crossover::macd-5-35-5::5cf7374800361e5fe1dd036e0afe65c9da0c4690,RBLX,macd_crossover,macd-5-35-5,5cf7374800361e5fe1dd036e0afe65c9da0c4690,2,RBLX-macd-5-35-5-20260412T075447-macd-5-35-5,['RBLX-macd-5-35-5-20260412T074904-macd-5-35-5'],False
RBLX::macd_crossover::macd-8-21-5::533530cf71e232d34ce704c3153f276e2cb4f8ec,RBLX,macd_crossover,macd-8-21-5,533530cf71e232d34ce704c3153f276e2cb4f8ec,2,RBLX-macd-8-21-5-20260412T075446-macd-8-21-5,['RBLX-macd-8-21-5-20260412T074903-macd-8-21-5'],False
RBLX::macd_crossover::macd-baseline::cc7f7d1c3dad2ebaf928756250404dc3b06d7200,RBLX,macd_crossover,macd-baseline,cc7f7d1c3dad2ebaf928756250404dc3b06d7200,2,RBLX-macd-baseline-20260412T075446-macd-baseline,['RBLX-macd-baseline-20260412T074903-macd-baseline'],False
RBLX::moving_average_crossover::ma-10-30::35be04e412c34f2580005e7e234e9d7b041634a8,RBLX,moving_average_crossover,ma-10-30,35be04e412c34f2580005e7e234e9d7b041634a8,2,RBLX-ma-10-30-20260412T075445-ma-10-30,['RBLX-ma-10-30-20260412T074902-ma-10-30'],False
RBLX::moving_average_crossover::ma-3-15::69374c13bf7522591efb43b570e65bdd31da3add,RBLX,moving_average_crossover,ma-3-15,69374c13bf7522591efb43b570e65bdd31da3add,2,RBLX-ma-3-15-20260412T075445-ma-3-15,['RBLX-ma-3-15-20260412T074902-ma-3-15'],False
RBLX::moving_average_crossover::ma-8-21::68876fc46f1bc740ab36d47876747c7ba2407011,RBLX,moving_average_crossover,ma-8-21,68876fc46f1bc740ab36d47876747c7ba2407011,2,RBLX-ma-8-21-20260412T075445-ma-8-21,['RBLX-ma-8-21-20260412T074902-ma-8-21'],False
RBLX::moving_average_crossover::ma-baseline::33bc22daf5108f93b692b8c7f7d6c24e9b9ee9e6,RBLX,moving_average_crossover,ma-baseline,33bc22daf5108f93b692b8c7f7d6c24e9b9ee9e6,2,RBLX-ma-baseline-20260412T075444-ma-baseline,['RBLX-ma-baseline-20260412T074901-ma-baseline'],False
RBLX::rsi_threshold::rsi-14-35-65::85f9b6d3e41d73d152f44383b094863ca64d0c83,RBLX,rsi_threshold,rsi-14-35-65,85f9b6d3e41d73d152f44383b094863ca64d0c83,2,RBLX-rsi-14-35-65-20260412T075446-rsi-14-35-65,['RBLX-rsi-14-35-65-20260412T074903-rsi-14-35-65'],False
RBLX::rsi_threshold::rsi-21-30-70::4dbe4870cef1a5db9953fc5af2742bde5104a63c,RBLX,rsi_threshold,rsi-21-30-70,4dbe4870cef1a5db9953fc5af2742bde5104a63c,2,RBLX-rsi-21-30-70-20260412T075446-rsi-21-30-70,['RBLX-rsi-21-30-70-20260412T074903-rsi-21-30-70'],False
RBLX::rsi_threshold::rsi-6-25-75::314f044a3bf4b4a0fc0db67d15c755c2afdbef55,RBLX,rsi_threshold,rsi-6-25-75,314f044a3bf4b4a0fc0db67d15c755c2afdbef55,2,RBLX-rsi-6-25-75-20260412T075446-rsi-6-25-75,['RBLX-rsi-6-25-75-20260412T074903-rsi-6-25-75'],False
RBLX::rsi_threshold::rsi-baseline::f7c06f158ab2eb36975772ca7503b4e1d278befd,RBLX,rsi_threshold,rsi-baseline,f7c06f158ab2eb36975772ca7503b4e1d278befd,2,RBLX-rsi-baseline-20260412T075446-rsi-baseline,['RBLX-rsi-baseline-20260412T074902-rsi-baseline'],False
SNDK::macd_crossover::macd-10-30-9::ecb8de5567887d0d5655ffc7418ad0e8a9b715ae,SNDK,macd_crossover,macd-10-30-9,ecb8de5567887d0d5655ffc7418ad0e8a9b715ae,2,SNDK-macd-10-30-9-20260412T075446-macd-10-30-9,['SNDK-macd-10-30-9-20260412T074904-macd-10-30-9'],False
SNDK::macd_crossover::macd-5-35-5::5cf7374800361e5fe1dd036e0afe65c9da0c4690,SNDK,macd_crossover,macd-5-35-5,5cf7374800361e5fe1dd036e0afe65c9da0c4690,2,SNDK-macd-5-35-5-20260412T075447-macd-5-35-5,['SNDK-macd-5-35-5-20260412T074904-macd-5-35-5'],False
SNDK::macd_crossover::macd-8-21-5::533530cf71e232d34ce704c3153f276e2cb4f8ec,SNDK,macd_crossover,macd-8-21-5,533530cf71e232d34ce704c3153f276e2cb4f8ec,2,SNDK-macd-8-21-5-20260412T075446-macd-8-21-5,['SNDK-macd-8-21-5-20260412T074904-macd-8-21-5'],False
SNDK::macd_crossover::macd-baseline::cc7f7d1c3dad2ebaf928756250404dc3b06d7200,SNDK,macd_crossover,macd-baseline,cc7f7d1c3dad2ebaf928756250404dc3b06d7200,2,SNDK-macd-baseline-20260412T075446-macd-baseline,['SNDK-macd-baseline-20260412T074904-macd-baseline'],False
SNDK::moving_average_crossover::ma-10-30::35be04e412c34f2580005e7e234e9d7b041634a8,SNDK,moving_average_crossover,ma-10-30,35be04e412c34f2580005e7e234e9d7b041634a8,2,SNDK-ma-10-30-20260412T075446-ma-10-30,['SNDK-ma-10-30-20260412T074903-ma-10-30'],False
SNDK::moving_average_crossover::ma-3-15::69374c13bf7522591efb43b570e65bdd31da3add,SNDK,moving_average_crossover,ma-3-15,69374c13bf7522591efb43b570e65bdd31da3add,2,SNDK-ma-3-15-20260412T075446-ma-3-15,['SNDK-ma-3-15-20260412T074903-ma-3-15'],False
SNDK::moving_average_crossover::ma-8-21::68876fc46f1bc740ab36d47876747c7ba2407011,SNDK,moving_average_crossover,ma-8-21,68876fc46f1bc740ab36d47876747c7ba2407011,2,SNDK-ma-8-21-20260412T075446-ma-8-21,['SNDK-ma-8-21-20260412T074903-ma-8-21'],False
SNDK::moving_average_crossover::ma-baseline::33bc22daf5108f93b692b8c7f7d6c24e9b9ee9e6,SNDK,moving_average_crossover,ma-baseline,33bc22daf5108f93b692b8c7f7d6c24e9b9ee9e6,2,SNDK-ma-baseline-20260412T075446-ma-baseline,['SNDK-ma-baseline-20260412T074903-ma-baseline'],False
SNDK::rsi_threshold::rsi-14-35-65::85f9b6d3e41d73d152f44383b094863ca64d0c83,SNDK,rsi_threshold,rsi-14-35-65,85f9b6d3e41d73d152f44383b094863ca64d0c83,2,SNDK-rsi-14-35-65-20260412T075446-rsi-14-35-65,['SNDK-rsi-14-35-65-20260412T074903-rsi-14-35-65'],False
SNDK::rsi_threshold::rsi-21-30-70::4dbe4870cef1a5db9953fc5af2742bde5104a63c,SNDK,rsi_threshold,rsi-21-30-70,4dbe4870cef1a5db9953fc5af2742bde5104a63c,2,SNDK-rsi-21-30-70-20260412T075446-rsi-21-30-70,['SNDK-rsi-21-30-70-20260412T074903-rsi-21-30-70'],False
SNDK::rsi_threshold::rsi-6-25-75::314f044a3bf4b4a0fc0db67d15c755c2afdbef55,SNDK,rsi_threshold,rsi-6-25-75,314f044a3bf4b4a0fc0db67d15c755c2afdbef55,2,SNDK-rsi-6-25-75-20260412T075446-rsi-6-25-75,['SNDK-rsi-6-25-75-20260412T074903-rsi-6-25-75'],False
SNDK::rsi_threshold::rsi-baseline::f7c06f158ab2eb36975772ca7503b4e1d278befd,SNDK,rsi_threshold,rsi-baseline,f7c06f158ab2eb36975772ca7503b4e1d278befd,2,SNDK-rsi-baseline-20260412T075446-rsi-baseline,['SNDK-rsi-baseline-20260412T074903-rsi-baseline'],False
TEM::macd_crossover::macd-10-30-9::ecb8de5567887d0d5655ffc7418ad0e8a9b715ae,TEM,macd_crossover,macd-10-30-9,ecb8de5567887d0d5655ffc7418ad0e8a9b715ae,2,TEM-macd-10-30-9-20260412T075447-macd-10-30-9,['TEM-macd-10-30-9-20260412T074904-macd-10-30-9'],False
TEM::macd_crossover::macd-5-35-5::5cf7374800361e5fe1dd036e0afe65c9da0c4690,TEM,macd_crossover,macd-5-35-5,5cf7374800361e5fe1dd036e0afe65c9da0c4690,2,TEM-macd-5-35-5-20260412T075447-macd-5-35-5,['TEM-macd-5-35-5-20260412T074904-macd-5-35-5'],False
TEM::macd_crossover::macd-8-21-5::533530cf71e232d34ce704c3153f276e2cb4f8ec,TEM,macd_crossover,macd-8-21-5,533530cf71e232d34ce704c3153f276e2cb4f8ec,2,TEM-macd-8-21-5-20260412T075447-macd-8-21-5,['TEM-macd-8-21-5-20260412T074904-macd-8-21-5'],False
TEM::macd_crossover::macd-baseline::cc7f7d1c3dad2ebaf928756250404dc3b06d7200,TEM,macd_crossover,macd-baseline,cc7f7d1c3dad2ebaf928756250404dc3b06d7200,2,TEM-macd-baseline-20260412T075447-macd-baseline,['TEM-macd-baseline-20260412T074904-macd-baseline'],False
TEM::moving_average_crossover::ma-10-30::35be04e412c34f2580005e7e234e9d7b041634a8,TEM,moving_average_crossover,ma-10-30,35be04e412c34f2580005e7e234e9d7b041634a8,2,TEM-ma-10-30-20260412T075446-ma-10-30,['TEM-ma-10-30-20260412T074904-ma-10-30'],False
TEM::moving_average_crossover::ma-3-15::69374c13bf7522591efb43b570e65bdd31da3add,TEM,moving_average_crossover,ma-3-15,69374c13bf7522591efb43b570e65bdd31da3add,2,TEM-ma-3-15-20260412T075446-ma-3-15,['TEM-ma-3-15-20260412T074903-ma-3-15'],False
TEM::moving_average_crossover::ma-8-21::68876fc46f1bc740ab36d47876747c7ba2407011,TEM,moving_average_crossover,ma-8-21,68876fc46f1bc740ab36d47876747c7ba2407011,2,TEM-ma-8-21-20260412T075446-ma-8-21,['TEM-ma-8-21-20260412T074903-ma-8-21'],False
TEM::moving_average_crossover::ma-baseline::33bc22daf5108f93b692b8c7f7d6c24e9b9ee9e6,TEM,moving_average_crossover,ma-baseline,33bc22daf5108f93b692b8c7f7d6c24e9b9ee9e6,2,TEM-ma-baseline-20260412T075446-ma-baseline,['TEM-ma-baseline-20260412T074903-ma-baseline'],False
TEM::rsi_threshold::rsi-14-35-65::85f9b6d3e41d73d152f44383b094863ca64d0c83,TEM,rsi_threshold,rsi-14-35-65,85f9b6d3e41d73d152f44383b094863ca64d0c83,2,TEM-rsi-14-35-65-20260412T075447-rsi-14-35-65,['TEM-rsi-14-35-65-20260412T074904-rsi-14-35-65'],False
TEM::rsi_threshold::rsi-21-30-70::4dbe4870cef1a5db9953fc5af2742bde5104a63c,TEM,rsi_threshold,rsi-21-30-70,4dbe4870cef1a5db9953fc5af2742bde5104a63c,2,TEM-rsi-21-30-70-20260412T075447-rsi-21-30-70,['TEM-rsi-21-30-70-20260412T074904-rsi-21-30-70'],False
TEM::rsi_threshold::rsi-6-25-75::314f044a3bf4b4a0fc0db67d15c755c2afdbef55,TEM,rsi_threshold,rsi-6-25-75,314f044a3bf4b4a0fc0db67d15c755c2afdbef55,2,TEM-rsi-6-25-75-20260412T075447-rsi-6-25-75,['TEM-rsi-6-25-75-20260412T074904-rsi-6-25-75'],False
TEM::rsi_threshold::rsi-baseline::f7c06f158ab2eb36975772ca7503b4e1d278befd,TEM,rsi_threshold,rsi-baseline,f7c06f158ab2eb36975772ca7503b4e1d278befd,2,TEM-rsi-baseline-20260412T075447-rsi-baseline,['TEM-rsi-baseline-20260412T074904-rsi-baseline'],False
TSLA::macd_crossover::macd-10-30-9::ecb8de5567887d0d5655ffc7418ad0e8a9b715ae,TSLA,macd_crossover,macd-10-30-9,ecb8de5567887d0d5655ffc7418ad0e8a9b715ae,2,TSLA-macd-10-30-9-20260412T075448-macd-10-30-9,['TSLA-macd-10-30-9-20260412T074905-macd-10-30-9'],False
TSLA::macd_crossover::macd-5-35-5::5cf7374800361e5fe1dd036e0afe65c9da0c4690,TSLA,macd_crossover,macd-5-35-5,5cf7374800361e5fe1dd036e0afe65c9da0c4690,2,TSLA-macd-5-35-5-20260412T075448-macd-5-35-5,['TSLA-macd-5-35-5-20260412T074905-macd-5-35-5'],False
TSLA::macd_crossover::macd-8-21-5::533530cf71e232d34ce704c3153f276e2cb4f8ec,TSLA,macd_crossover,macd-8-21-5,533530cf71e232d34ce704c3153f276e2cb4f8ec,2,TSLA-macd-8-21-5-20260412T075448-macd-8-21-5,['TSLA-macd-8-21-5-20260412T074905-macd-8-21-5'],False
TSLA::macd_crossover::macd-baseline::cc7f7d1c3dad2ebaf928756250404dc3b06d7200,TSLA,macd_crossover,macd-baseline,cc7f7d1c3dad2ebaf928756250404dc3b06d7200,2,TSLA-macd-baseline-20260412T075448-macd-baseline,['TSLA-macd-baseline-20260412T074905-macd-baseline'],False
TSLA::moving_average_crossover::ma-10-30::35be04e412c34f2580005e7e234e9d7b041634a8,TSLA,moving_average_crossover,ma-10-30,35be04e412c34f2580005e7e234e9d7b041634a8,2,TSLA-ma-10-30-20260412T075447-ma-10-30,['TSLA-ma-10-30-20260412T074904-ma-10-30'],False
TSLA::moving_average_crossover::ma-3-15::69374c13bf7522591efb43b570e65bdd31da3add,TSLA,moving_average_crossover,ma-3-15,69374c13bf7522591efb43b570e65bdd31da3add,2,TSLA-ma-3-15-20260412T075447-ma-3-15,['TSLA-ma-3-15-20260412T074904-ma-3-15'],False
TSLA::moving_average_crossover::ma-8-21::68876fc46f1bc740ab36d47876747c7ba2407011,TSLA,moving_average_crossover,ma-8-21,68876fc46f1bc740ab36d47876747c7ba2407011,2,TSLA-ma-8-21-20260412T075447-ma-8-21,['TSLA-ma-8-21-20260412T074904-ma-8-21'],False
TSLA::moving_average_crossover::ma-baseline::33bc22daf5108f93b692b8c7f7d6c24e9b9ee9e6,TSLA,moving_average_crossover,ma-baseline,33bc22daf5108f93b692b8c7f7d6c24e9b9ee9e6,2,TSLA-ma-baseline-20260412T075447-ma-baseline,['TSLA-ma-baseline-20260412T074904-ma-baseline'],False
TSLA::rsi_threshold::rsi-14-35-65::85f9b6d3e41d73d152f44383b094863ca64d0c83,TSLA,rsi_threshold,rsi-14-35-65,85f9b6d3e41d73d152f44383b094863ca64d0c83,2,TSLA-rsi-14-35-65-20260412T075448-rsi-14-35-65,['TSLA-rsi-14-35-65-20260412T074905-rsi-14-35-65'],False
TSLA::rsi_threshold::rsi-21-30-70::4dbe4870cef1a5db9953fc5af2742bde5104a63c,TSLA,rsi_threshold,rsi-21-30-70,4dbe4870cef1a5db9953fc5af2742bde5104a63c,2,TSLA-rsi-21-30-70-20260412T075448-rsi-21-30-70,['TSLA-rsi-21-30-70-20260412T074905-rsi-21-30-70'],False
TSLA::rsi_threshold::rsi-6-25-75::314f044a3bf4b4a0fc0db67d15c755c2afdbef55,TSLA,rsi_threshold,rsi-6-25-75,314f044a3bf4b4a0fc0db67d15c755c2afdbef55,2,TSLA-rsi-6-25-75-20260412T075447-rsi-6-25-75,['TSLA-rsi-6-25-75-20260412T074904-rsi-6-25-75'],False
TSLA::rsi_threshold::rsi-baseline::f7c06f158ab2eb36975772ca7503b4e1d278befd,TSLA,rsi_threshold,rsi-baseline,f7c06f158ab2eb36975772ca7503b4e1d278befd,2,TSLA-rsi-baseline-20260412T075447-rsi-baseline,['TSLA-rsi-baseline-20260412T074904-rsi-baseline'],False
